epoch,time,train/loss,metrics/accuracy_top1,metrics/accuracy_top5,val/loss,lr/pg0,lr/pg1,lr/pg2
1,7.31753,1.47543,0.6,1,0.99837,0.000364583,0.000364583,0.000364583
2,13.8206,1.05437,0.5,1,1.02198,0.000765781,0.000765781,0.000765781
3,20.5821,0.77032,0.5,1,0.73428,0.00115048,0.00115048,0.00115048
4,28.1889,0.63501,0.55,1,0.87595,0.00117575,0.00117575,0.00117575
5,48.1759,0.48971,0.65,1,0.82367,0.001151,0.001151,0.001151
6,61.3254,0.44745,0.65,1,0.85601,0.00112625,0.00112625,0.00112625
7,69.8961,0.36471,0.65,1,1.15832,0.0011015,0.0011015,0.0011015
8,79.801,0.46794,0.7,1,0.79769,0.00107675,0.00107675,0.00107675
9,87.0963,0.21334,0.7,1,0.56556,0.001052,0.001052,0.001052
10,104.724,0.24382,0.7,1,1.44118,0.00102725,0.00102725,0.00102725
11,114.482,0.13813,0.85,1,0.46634,0.0010025,0.0010025,0.0010025
12,121.986,0.11792,0.9,1,0.7902,0.00097775,0.00097775,0.00097775
13,129.192,0.28247,0.9,1,0.30991,0.000953,0.000953,0.000953
14,138.045,0.26483,0.8,1,0.34564,0.00092825,0.00092825,0.00092825
15,146.325,0.31322,0.8,1,0.48442,0.0009035,0.0009035,0.0009035
16,154.007,0.15825,0.75,1,0.68828,0.00087875,0.00087875,0.00087875
17,160.546,0.0665,0.75,1,0.7802,0.000854,0.000854,0.000854
18,167.086,0.19316,0.75,1,0.56229,0.00082925,0.00082925,0.00082925
19,175.383,0.1471,0.75,1,1.48043,0.0008045,0.0008045,0.0008045
20,183.552,0.17968,0.75,1,0.61939,0.00077975,0.00077975,0.00077975
21,191.506,0.14204,0.8,1,0.63945,0.000755,0.000755,0.000755
22,200.188,0.13015,0.85,1,0.37397,0.00073025,0.00073025,0.00073025
23,208.155,0.10466,0.8,1,1.15743,0.0007055,0.0007055,0.0007055
24,215.77,0.07314,0.75,1,0.65074,0.00068075,0.00068075,0.00068075
25,221.424,0.06548,0.75,1,0.7243,0.000656,0.000656,0.000656
26,227.166,0.0581,0.75,1,0.73756,0.00063125,0.00063125,0.00063125
27,232.869,0.18213,0.75,1,0.4896,0.0006065,0.0006065,0.0006065
28,238.925,0.04465,0.75,1,1.49948,0.00058175,0.00058175,0.00058175
29,245.184,0.07712,0.75,1,0.49254,0.000557,0.000557,0.000557
30,251.032,0.02568,0.8,1,0.66904,0.00053225,0.00053225,0.00053225
31,256.872,0.18898,0.75,1,0.44562,0.0005075,0.0005075,0.0005075
32,262.647,0.14099,0.75,1,0.71026,0.00048275,0.00048275,0.00048275
33,268.295,0.20631,0.75,1,0.77067,0.000458,0.000458,0.000458
34,274.041,0.09764,0.75,1,0.58491,0.00043325,0.00043325,0.00043325
35,279.539,0.04286,0.75,1,0.95766,0.0004085,0.0004085,0.0004085
36,285.288,0.16468,0.75,1,0.57456,0.00038375,0.00038375,0.00038375
37,290.872,0.02176,0.75,1,1.28007,0.000359,0.000359,0.000359
38,296.654,0.19821,0.75,1,0.87135,0.00033425,0.00033425,0.00033425
39,302.228,0.1103,0.8,1,0.54533,0.0003095,0.0003095,0.0003095
40,308.043,0.09202,0.8,1,0.86593,0.00028475,0.00028475,0.00028475
41,314.814,0.16324,0.8,1,0.98641,0.00026,0.00026,0.00026
42,320.469,0.03536,0.8,1,1.01011,0.00023525,0.00023525,0.00023525
43,326.076,0.07389,0.8,1,1.26883,0.0002105,0.0002105,0.0002105
44,331.706,0.0711,0.8,1,1.00772,0.00018575,0.00018575,0.00018575
45,337.469,0.01864,0.8,1,0.6776,0.000161,0.000161,0.000161
46,343.232,0.05107,0.8,1,0.84137,0.00013625,0.00013625,0.00013625
47,349.447,0.04144,0.8,1,0.54451,0.0001115,0.0001115,0.0001115
48,357.067,0.02065,0.8,1,1.24762,8.675e-05,8.675e-05,8.675e-05
49,366.124,0.02122,0.8,1,0.99518,6.2e-05,6.2e-05,6.2e-05
50,372.226,0.06712,0.8,1,0.62297,3.725e-05,3.725e-05,3.725e-05
